ts,source,metric,value
2026-10-03 19:50:34,cpu,cpu0.user,134030
2026-10-03 19:50:34,cpu,cpu0.nice,7
2026-10-03 19:50:34,cpu,cpu0.system,63282
2026-10-03 19:50:34,cpu,cpu0.idle,1066835
2026-10-03 19:50:34,cpu,cpu0.iowait,3111
2026-10-03 19:50:34,cpu,cpu0.irq,0
2026-10-03 19:50:34,cpu,cpu0.softirq,1385
2026-10-03 19:50:34,cpu,cpu0.steal,0
2026-10-03 19:50:34,cpu,cpu1.user,123767
2026-10-03 19:50:34,cpu,cpu1.nice,0
2026-10-03 19:50:34,cpu,cpu1.system,80621
2026-10-03 19:50:34,cpu,cpu1.idle,1044722
2026-10-03 19:50:34,cpu,cpu1.iowait,2233
2026-10-03 19:50:34,cpu,cpu1.irq,0
2026-10-03 19:50:34,cpu,cpu1.softirq,156
2026-10-03 19:50:34,cpu,cpu1.steal,0
2026-10-03 19:50:34,cpu,cpu2.user,137844
2026-10-03 19:50:34,cpu,cpu2.nice,4
2026-10-03 19:50:34,cpu,cpu2.system,64500
2026-10-03 19:50:34,cpu,cpu2.idle,1063938
2026-10-03 19:50:34,cpu,cpu2.iowait,2618
2026-10-03 19:50:34,cpu,cpu2.irq,0
2026-10-03 19:50:34,cpu,cpu2.softirq,252
2026-10-03 19:50:34,cpu,cpu2.steal,0
2026-10-03 19:50:34,cpu,cpu3.user,124755
2026-10-03 19:50:34,cpu,cpu3.nice,13
2026-10-03 19:50:34,cpu,cpu3.system,84340
2026-10-03 19:50:34,cpu,cpu3.idle,1039264
2026-10-03 19:50:34,cpu,cpu3.iowait,2231
2026-10-03 19:50:34,cpu,cpu3.irq,0
2026-10-03 19:50:34,cpu,cpu3.softirq,57
2026-10-03 19:50:34,cpu,cpu3.steal,0
2026-10-03 19:50:34,cpu,cpu4.user,134864
2026-10-03 19:50:34,cpu,cpu4.nice,4
2026-10-03 19:50:34,cpu,cpu4.system,63995
2026-10-03 19:50:34,cpu,cpu4.idle,1069814
2026-10-03 19:50:34,cpu,cpu4.iowait,2549
2026-10-03 19:50:34,cpu,cpu4.irq,0
2026-10-03 19:50:34,cpu,cpu4.softirq,171
2026-10-03 19:50:34,cpu,cpu4.steal,0
2026-10-03 19:50:34,cpu,cpu5.user,123700
2026-10-03 19:50:34,cpu,cpu5.nice,0
2026-10-03 19:50:34,cpu,cpu5.system,84023
2026-10-03 19:50:34,cpu,cpu5.idle,1040626
2026-10-03 19:50:34,cpu,cpu5.iowait,2523
2026-10-03 19:50:34,cpu,cpu5.irq,0
2026-10-03 19:50:34,cpu,cpu5.softirq,46
2026-10-03 19:50:34,cpu,cpu5.steal,0
2026-10-03 19:50:34,cpu,cpu6.user,139433
2026-10-03 19:50:34,cpu,cpu6.nice,12
2026-10-03 19:50:34,cpu,cpu6.system,59310
2026-10-03 19:50:34,cpu,cpu6.idle,1076076
2026-10-03 19:50:34,cpu,cpu6.iowait,2674
2026-10-03 19:50:34,cpu,cpu6.irq,0
2026-10-03 19:50:34,cpu,cpu6.softirq,65
2026-10-03 19:50:34,cpu,cpu6.steal,0
2026-10-03 19:50:34,cpu,cpu7.user,111363
2026-10-03 19:50:34,cpu,cpu7.nice,5
2026-10-03 19:50:34,cpu,cpu7.system,66232
2026-10-03 19:50:34,cpu,cpu7.idle,1082876
2026-10-03 19:50:34,cpu,cpu7.iowait,2112
2026-10-03 19:50:34,cpu,cpu7.irq,0
2026-10-03 19:50:34,cpu,cpu7.softirq,8608
2026-10-03 19:50:34,cpu,cpu7.steal,0
2026-10-03 19:50:34,disk,nvme0n1.reads_completed,387620
2026-10-03 19:50:34,disk,nvme0n1.reads_merged,145328
2026-10-03 19:50:34,disk,nvme0n1.sectors_read,15929054
2026-10-03 19:50:34,disk,nvme0n1.time_reading,152901
2026-10-03 19:50:34,mem,mem_total,5935436
2026-10-03 19:50:34,mem,mem_avail,1361448
2026-10-03 19:50:34,mem,swap_total,19744928
2026-10-03 19:50:34,mem,swap_free,17821900
2026-10-03 19:50:35,cpu,cpu0.user,134040
2026-10-03 19:50:35,cpu,cpu0.nice,7
2026-10-03 19:50:35,cpu,cpu0.system,63286
2026-10-03 19:50:35,cpu,cpu0.idle,1066918
2026-10-03 19:50:35,cpu,cpu0.iowait,3111
2026-10-03 19:50:35,cpu,cpu0.irq,0
2026-10-03 19:50:35,cpu,cpu0.softirq,1385
2026-10-03 19:50:35,cpu,cpu0.steal,0
2026-10-03 19:50:35,cpu,cpu1.user,123774
2026-10-03 19:50:35,cpu,cpu1.nice,0
2026-10-03 19:50:35,cpu,cpu1.system,80625
2026-10-03 19:50:35,cpu,cpu1.idle,1044810
2026-10-03 19:50:35,cpu,cpu1.iowait,2233
2026-10-03 19:50:35,cpu,cpu1.irq,0
2026-10-03 19:50:35,cpu,cpu1.softirq,156
2026-10-03 19:50:35,cpu,cpu1.steal,0
2026-10-03 19:50:35,cpu,cpu2.user,137848
2026-10-03 19:50:35,cpu,cpu2.nice,4
2026-10-03 19:50:35,cpu,cpu2.system,64504
2026-10-03 19:50:35,cpu,cpu2.idle,1064030
2026-10-03 19:50:35,cpu,cpu2.iowait,2618
2026-10-03 19:50:35,cpu,cpu2.irq,0
2026-10-03 19:50:35,cpu,cpu2.softirq,252
2026-10-03 19:50:35,cpu,cpu2.steal,0
2026-10-03 19:50:35,cpu,cpu3.user,124759
2026-10-03 19:50:35,cpu,cpu3.nice,13
2026-10-03 19:50:35,cpu,cpu3.system,84348
2026-10-03 19:50:35,cpu,cpu3.idle,1039346
2026-10-03 19:50:35,cpu,cpu3.iowait,2231
2026-10-03 19:50:35,cpu,cpu3.irq,0
2026-10-03 19:50:35,cpu,cpu3.softirq,57
2026-10-03 19:50:35,cpu,cpu3.steal,0
2026-10-03 19:50:35,cpu,cpu4.user,134875
2026-10-03 19:50:35,cpu,cpu4.nice,4
2026-10-03 19:50:35,cpu,cpu4.system,63996
2026-10-03 19:50:35,cpu,cpu4.idle,1069902
2026-10-03 19:50:35,cpu,cpu4.iowait,2549
2026-10-03 19:50:35,cpu,cpu4.irq,0
2026-10-03 19:50:35,cpu,cpu4.softirq,171
2026-10-03 19:50:35,cpu,cpu4.steal,0
2026-10-03 19:50:35,cpu,cpu5.user,123713
2026-10-03 19:50:35,cpu,cpu5.nice,0
2026-10-03 19:50:35,cpu,cpu5.system,84029
2026-10-03 19:50:35,cpu,cpu5.idle,1040704
2026-10-03 19:50:35,cpu,cpu5.iowait,2523
2026-10-03 19:50:35,cpu,cpu5.irq,0
2026-10-03 19:50:35,cpu,cpu5.softirq,46
2026-10-03 19:50:35,cpu,cpu5.steal,0
2026-10-03 19:50:35,cpu,cpu6.user,139438
2026-10-03 19:50:35,cpu,cpu6.nice,12
2026-10-03 19:50:35,cpu,cpu6.system,59316
2026-10-03 19:50:35,cpu,cpu6.idle,1076162
2026-10-03 19:50:35,cpu,cpu6.iowait,2674
2026-10-03 19:50:35,cpu,cpu6.irq,0
2026-10-03 19:50:35,cpu,cpu6.softirq,65
2026-10-03 19:50:35,cpu,cpu6.steal,0
2026-10-03 19:50:35,cpu,cpu7.user,111364
2026-10-03 19:50:35,cpu,cpu7.nice,5
2026-10-03 19:50:35,cpu,cpu7.system,66233
2026-10-03 19:50:35,cpu,cpu7.idle,1082972
2026-10-03 19:50:35,cpu,cpu7.iowait,2114
2026-10-03 19:50:35,cpu,cpu7.irq,0
2026-10-03 19:50:35,cpu,cpu7.softirq,8609
2026-10-03 19:50:35,cpu,cpu7.steal,0
2026-10-03 19:50:35,disk,nvme0n1.reads_completed,387669
2026-10-03 19:50:35,disk,nvme0n1.reads_merged,145328
2026-10-03 19:50:35,disk,nvme0n1.sectors_read,15930918
2026-10-03 19:50:35,disk,nvme0n1.time_reading,152959
2026-10-03 19:50:35,mem,mem_total,5935436
2026-10-03 19:50:35,mem,mem_avail,1362068
2026-10-03 19:50:35,mem,swap_total,19744928
2026-10-03 19:50:35,mem,swap_free,17821928
2026-10-03 19:50:36,cpu,cpu0.user,134047
2026-10-03 19:50:36,cpu,cpu0.nice,7
2026-10-03 19:50:36,cpu,cpu0.system,63287
2026-10-03 19:50:36,cpu,cpu0.idle,1067011
2026-10-03 19:50:36,cpu,cpu0.iowait,3111
2026-10-03 19:50:36,cpu,cpu0.irq,0
2026-10-03 19:50:36,cpu,cpu0.softirq,1385
2026-10-03 19:50:36,cpu,cpu0.steal,0
2026-10-03 19:50:36,cpu,cpu1.user,123781
2026-10-03 19:50:36,cpu,cpu1.nice,0
2026-10-03 19:50:36,cpu,cpu1.system,80631
2026-10-03 19:50:36,cpu,cpu1.idle,1044895
2026-10-03 19:50:36,cpu,cpu1.iowait,2233
2026-10-03 19:50:36,cpu,cpu1.irq,0
2026-10-03 19:50:36,cpu,cpu1.softirq,156
2026-10-03 19:50:36,cpu,cpu1.steal,0
2026-10-03 19:50:36,cpu,cpu2.user,137849
2026-10-03 19:50:36,cpu,cpu2.nice,4
2026-10-03 19:50:36,cpu,cpu2.system,64506
2026-10-03 19:50:36,cpu,cpu2.idle,1064127
2026-10-03 19:50:36,cpu,cpu2.iowait,2618
2026-10-03 19:50:36,cpu,cpu2.irq,0
2026-10-03 19:50:36,cpu,cpu2.softirq,252
2026-10-03 19:50:36,cpu,cpu2.steal,0
2026-10-03 19:50:36,cpu,cpu3.user,124763
2026-10-03 19:50:36,cpu,cpu3.nice,13
2026-10-03 19:50:36,cpu,cpu3.system,84350
2026-10-03 19:50:36,cpu,cpu3.idle,1039440
2026-10-03 19:50:36,cpu,cpu3.iowait,2231
2026-10-03 19:50:36,cpu,cpu3.irq,0
2026-10-03 19:50:36,cpu,cpu3.softirq,57
2026-10-03 19:50:36,cpu,cpu3.steal,0
2026-10-03 19:50:36,cpu,cpu4.user,134884
2026-10-03 19:50:36,cpu,cpu4.nice,4
2026-10-03 19:50:36,cpu,cpu4.system,63997
2026-10-03 19:50:36,cpu,cpu4.idle,1069992
2026-10-03 19:50:36,cpu,cpu4.iowait,2549
2026-10-03 19:50:36,cpu,cpu4.irq,0
2026-10-03 19:50:36,cpu,cpu4.softirq,171
2026-10-03 19:50:36,cpu,cpu4.steal,0
2026-10-03 19:50:36,cpu,cpu5.user,123742
2026-10-03 19:50:36,cpu,cpu5.nice,0
2026-10-03 19:50:36,cpu,cpu5.system,84029
2026-10-03 19:50:36,cpu,cpu5.idle,1040777
2026-10-03 19:50:36,cpu,cpu5.iowait,2523
2026-10-03 19:50:36,cpu,cpu5.irq,0
2026-10-03 19:50:36,cpu,cpu5.softirq,46
2026-10-03 19:50:36,cpu,cpu5.steal,0
2026-10-03 19:50:36,cpu,cpu6.user,139443
2026-10-03 19:50:36,cpu,cpu6.nice,12
2026-10-03 19:50:36,cpu,cpu6.system,59318
2026-10-03 19:50:36,cpu,cpu6.idle,1076256
2026-10-03 19:50:36,cpu,cpu6.iowait,2674
2026-10-03 19:50:36,cpu,cpu6.irq,0
2026-10-03 19:50:36,cpu,cpu6.softirq,65
2026-10-03 19:50:36,cpu,cpu6.steal,0
2026-10-03 19:50:36,cpu,cpu7.user,111365
2026-10-03 19:50:36,cpu,cpu7.nice,5
2026-10-03 19:50:36,cpu,cpu7.system,66234
2026-10-03 19:50:36,cpu,cpu7.idle,1083072
2026-10-03 19:50:36,cpu,cpu7.iowait,2114
2026-10-03 19:50:36,cpu,cpu7.irq,0
2026-10-03 19:50:36,cpu,cpu7.softirq,8609
2026-10-03 19:50:36,cpu,cpu7.steal,0
2026-10-03 19:50:36,disk,nvme0n1.reads_completed,387669
2026-10-03 19:50:36,disk,nvme0n1.reads_merged,145328
2026-10-03 19:50:36,disk,nvme0n1.sectors_read,15930918
2026-10-03 19:50:36,disk,nvme0n1.time_reading,152959
2026-10-03 19:50:36,mem,mem_total,5935436
2026-10-03 19:50:36,mem,mem_avail,1361876
2026-10-03 19:50:36,mem,swap_total,19744928
2026-10-03 19:50:36,mem,swap_free,17821928
2026-10-03 19:50:37,cpu,cpu0.user,134076
2026-10-03 19:50:37,cpu,cpu0.nice,7
2026-10-03 19:50:37,cpu,cpu0.system,63292
2026-10-03 19:50:37,cpu,cpu0.idle,1067075
2026-10-03 19:50:37,cpu,cpu0.iowait,3112
2026-10-03 19:50:37,cpu,cpu0.irq,0
2026-10-03 19:50:37,cpu,cpu0.softirq,1385
2026-10-03 19:50:37,cpu,cpu0.steal,0
2026-10-03 19:50:37,cpu,cpu1.user,123790
2026-10-03 19:50:37,cpu,cpu1.nice,0
2026-10-03 19:50:37,cpu,cpu1.system,80642
2026-10-03 19:50:37,cpu,cpu1.idle,1044966
2026-10-03 19:50:37,cpu,cpu1.iowait,2234
2026-10-03 19:50:37,cpu,cpu1.irq,0
2026-10-03 19:50:37,cpu,cpu1.softirq,156
2026-10-03 19:50:37,cpu,cpu1.steal,0
2026-10-03 19:50:37,cpu,cpu2.user,137866
2026-10-03 19:50:37,cpu,cpu2.nice,4
2026-10-03 19:50:37,cpu,cpu2.system,64515
2026-10-03 19:50:37,cpu,cpu2.idle,1064193
2026-10-03 19:50:37,cpu,cpu2.iowait,2619
2026-10-03 19:50:37,cpu,cpu2.irq,0
2026-10-03 19:50:37,cpu,cpu2.softirq,252
2026-10-03 19:50:37,cpu,cpu2.steal,0
2026-10-03 19:50:37,cpu,cpu3.user,124771
2026-10-03 19:50:37,cpu,cpu3.nice,13
2026-10-03 19:50:37,cpu,cpu3.system,84359
2026-10-03 19:50:37,cpu,cpu3.idle,1039516
2026-10-03 19:50:37,cpu,cpu3.iowait,2232
2026-10-03 19:50:37,cpu,cpu3.irq,0
2026-10-03 19:50:37,cpu,cpu3.softirq,57
2026-10-03 19:50:37,cpu,cpu3.steal,0
2026-10-03 19:50:37,cpu,cpu4.user,134900
2026-10-03 19:50:37,cpu,cpu4.nice,4
2026-10-03 19:50:37,cpu,cpu4.system,64008
2026-10-03 19:50:37,cpu,cpu4.idle,1070058
2026-10-03 19:50:37,cpu,cpu4.iowait,2549
2026-10-03 19:50:37,cpu,cpu4.irq,0
2026-10-03 19:50:37,cpu,cpu4.softirq,171
2026-10-03 19:50:37,cpu,cpu4.steal,0
2026-10-03 19:50:37,cpu,cpu5.user,123760
2026-10-03 19:50:37,cpu,cpu5.nice,0
2026-10-03 19:50:37,cpu,cpu5.system,84040
2026-10-03 19:50:37,cpu,cpu5.idle,1040845
2026-10-03 19:50:37,cpu,cpu5.iowait,2523
2026-10-03 19:50:37,cpu,cpu5.irq,0
2026-10-03 19:50:37,cpu,cpu5.softirq,46
2026-10-03 19:50:37,cpu,cpu5.steal,0
2026-10-03 19:50:37,cpu,cpu6.user,139463
2026-10-03 19:50:37,cpu,cpu6.nice,12
2026-10-03 19:50:37,cpu,cpu6.system,59323
2026-10-03 19:50:37,cpu,cpu6.idle,1076330
2026-10-03 19:50:37,cpu,cpu6.iowait,2675
2026-10-03 19:50:37,cpu,cpu6.irq,0
2026-10-03 19:50:37,cpu,cpu6.softirq,65
2026-10-03 19:50:37,cpu,cpu6.steal,0
2026-10-03 19:50:37,cpu,cpu7.user,111378
2026-10-03 19:50:37,cpu,cpu7.nice,5
2026-10-03 19:50:37,cpu,cpu7.system,66240
2026-10-03 19:50:37,cpu,cpu7.idle,1083144
2026-10-03 19:50:37,cpu,cpu7.iowait,2115
2026-10-03 19:50:37,cpu,cpu7.irq,0
2026-10-03 19:50:37,cpu,cpu7.softirq,8610
2026-10-03 19:50:37,cpu,cpu7.steal,0
2026-10-03 19:50:37,disk,nvme0n1.reads_completed,387685
2026-10-03 19:50:37,disk,nvme0n1.reads_merged,145328
2026-10-03 19:50:37,disk,nvme0n1.sectors_read,15931070
2026-10-03 19:50:37,disk,nvme0n1.time_reading,153022
2026-10-03 19:50:37,mem,mem_total,5935436
2026-10-03 19:50:37,mem,mem_avail,1335160
2026-10-03 19:50:37,mem,swap_total,19744928
2026-10-03 19:50:37,mem,swap_free,17822104
